rank_null_h0_r<=,trace_stat,trace_crit_5pct,trace_reject_5pct,maxeig_stat,maxeig_crit_5pct,maxeig_reject_5pct
0,103.9971277341349,95.7542,True,49.62171791095125,40.0763,True
1,54.37540982318366,69.8189,False,23.669236619730775,33.8777,False
2,30.70617320345288,47.8545,False,12.059056326495243,27.5858,False
3,18.64711687695764,29.7961,False,10.833254550258978,21.1314,False
4,7.813862326698661,15.4943,False,5.573833077055757,14.2639,False
5,2.240029249642904,3.8415,False,2.240029249642904,3.8415,False
